{
	"info": {
		"_postman_id": "2400fb55-8fe8-42d1-a7fe-07b68a5db926",
		"name": "Api Absensi",
		"schema": "https://schema.getpostman.com/json/collection/v2.1.0/collection.json",
		"_exporter_id": "16250278"
	},
	"item": [
		{
			"name": "All",
			"request": {
				"method": "GET",
				"header": [],
				"url": {
					"raw": "{{base_url}}?req=pegawai&api=All",
					"host": [
						"{{base_url}}"
					],
					"query": [
						{
							"key": "req",
							"value": "pegawai"
						},
						{
							"key": "api",
							"value": "All"
						}
					]
				}
			},
			"response": []
		},
		{
			"name": "AllId",
			"request": {
				"method": "GET",
				"header": [],
				"url": {
					"raw": "{{base_url}}?req=pegawai&api=AllId&Id=1",
					"host": [
						"{{base_url}}"
					],
					"query": [
						{
							"key": "req",
							"value": "pegawai"
						},
						{
							"key": "api",
							"value": "AllId"
						},
						{
							"key": "Id",
							"value": "1"
						}
					]
				}
			},
			"response": []
		},
		{
			"name": "Absensi",
			"request": {
				"method": "POST",
				"header": [],
				"body": {
					"mode": "urlencoded",
					"urlencoded": [
						{
							"key": "Tgl",
							"value": "2023-06-30",
							"type": "text"
						},
						{
							"key": "Jam",
							"value": "14:30:00",
							"type": "text"
						},
						{
							"key": "Ket",
							"value": "In",
							"type": "text"
						},
						{
							"key": "Barcode",
							"value": "Pergi sekaranglaaa cus",
							"type": "text",
							"disabled": true
						},
						{
							"key": "Id_Pegawai",
							"value": "2",
							"type": "text"
						}
					]
				},
				"url": {
					"raw": "{{base_url}}?req=absensi&api=Insert",
					"host": [
						"{{base_url}}"
					],
					"query": [
						{
							"key": "req",
							"value": "absensi"
						},
						{
							"key": "api",
							"value": "Insert"
						}
					]
				}
			},
			"response": []
		},
		{
			"name": "Absensi",
			"request": {
				"method": "GET",
				"header": [],
				"url": {
					"raw": "{{base_url}}?req=absensi&api=All",
					"host": [
						"{{base_url}}"
					],
					"query": [
						{
							"key": "req",
							"value": "absensi"
						},
						{
							"key": "api",
							"value": "All"
						}
					]
				}
			},
			"response": []
		}
	],
	"event": [
		{
			"listen": "prerequest",
			"script": {
				"type": "text/javascript",
				"exec": [
					""
				]
			}
		},
		{
			"listen": "test",
			"script": {
				"type": "text/javascript",
				"exec": [
					""
				]
			}
		}
	],
	"variable": [
		{
			"key": "base_url",
			"value": "http://della.test/api/api.php",
			"type": "string"
		}
	]
}